{"cameraMode":{"drawMode":0,"name":"Shaded","section":"Shading Mode"},"sceneLighting":true,"audioPlay":false,"sceneViewState":{"m_AlwaysRefresh":false,"showFog":true,"showSkybox":true,"showFlares":true,"showImageEffects":true,"showParticleSystems":true,"showVisualEffectGraphs":true,"m_FxEnabled":true},"in2DMode":false,"pivot":{"x":-2.738976001739502,"y":4.280934810638428,"z":-0.40322089195251467},"rotation":{"x":0.6559932231903076,"y":0.0022647446021437647,"z":-0.001967670628800988,"w":0.7547631859779358},"size":18.064376831054689,"orthographic":true}