{"cameraMode":{"drawMode":0,"name":"Shaded","section":"Shading Mode"},"sceneLighting":true,"audioPlay":false,"sceneViewState":{"m_AlwaysRefresh":false,"showFog":true,"showSkybox":true,"showFlares":true,"showImageEffects":true,"showParticleSystems":true,"showVisualEffectGraphs":true,"m_FxEnabled":true},"in2DMode":false,"pivot":{"x":3.5760226249694826,"y":1.9561476707458497,"z":1.1834118366241456},"rotation":{"x":-0.6851524114608765,"y":-0.001752409036271274,"z":0.001644299365580082,"w":-0.7284048199653626},"size":19.031003952026368,"orthographic":false}